Name,Website
APM Employment Services,https://apm.net.au
APM Employment Services,https://apm.net.au
APM Employment Services,https://apm.net.au
APM Employment Services,https://apm.net.au
APM Employment Services,https://apm.net.au
APM Employment Services,https://apm.net.au
APM Employment Services,https://apm.net.au
Atwork Australia Pty Ltd,https://www.atwork.com/
Atwork Australia Pty Ltd,https://www.atwork.com/
Atwork Australia Pty Ltd,https://www.atwork.com/
Atwork Australia Pty Ltd,https://www.atwork.com/
Atwork Australia Pty Ltd,https://www.atwork.com/
Atwork Australia Pty Ltd,https://www.atwork.com/
Atwork Australia Pty Ltd,https://www.atwork.com/
Atwork Australia Pty Ltd,https://www.atwork.com/
Atwork Australia Pty Ltd,https://www.atwork.com/
Atwork Australia Pty Ltd,https://www.atwork.com/
Campbell Page,https://campbellpage.com.au
Campbell Page,https://campbellpage.com.au
Campbell Page,https://campbellpage.com.au
Campbell Page,https://campbellpage.com.au
Campbell Page,https://campbellpage.com.au
Campbell Page,https://campbellpage.com.au
CVGT Australia Ltd,https://www.cvgt.com.au/
CVGT Australia Ltd,https://www.cvgt.com.au/
CVGT Australia Ltd,https://www.cvgt.com.au/
DVJS Employment Solutions,https://www.dvjs.com.au
DVJS Employment Solutions,https://www.dvjs.com.au
DVJS Employment Solutions,https://www.dvjs.com.au
DVJS Employment Solutions,https://www.dvjs.com.au
ECHO Australia Inc,https://www.echoaustralia.com
ECHO Australia Inc,https://www.echoaustralia.com
ECHO Australia Inc,https://www.echoaustralia.com
Jobfind,https://jobfind.com.au/
Jobfind,https://jobfind.com.au/
Jobfind,https://jobfind.com.au/
Jobfind,https://jobfind.com.au/
Jobfind,https://jobfind.com.au/
Jobfind,https://jobfind.com.au/
Joblife Employment,https://joblifeemployment.com.au/
Joblife Employment,https://joblifeemployment.com.au/
MatchWorks,https://www.matchworks.com.au/
MatchWorks,https://www.matchworks.com.au/
MAX Employment,https://www.maxsolutions.com.au/
MAX Employment,https://www.maxsolutions.com.au/
MAX Employment,https://www.maxsolutions.com.au/
MAX Employment,https://www.maxsolutions.com.au/
MAX Employment,https://www.maxsolutions.com.au/
MAX Employment,https://www.maxsolutions.com.au/
OCTEC,https://octec.org.au/
OCTEC,https://octec.org.au/
OCTEC,https://octec.org.au/
OCTEC,https://octec.org.au/
OCTEC,https://octec.org.au/
OCTEC,https://octec.org.au/
AimBig Employment,https://www.aimbigemployment.com.au
AimBig Employment,https://www.aimbigemployment.com.au
APM Employment Services,https://apm.net.au
APM Employment Services,https://apm.net.au
APM Employment Services,https://apm.net.au
APM Employment Services,https://apm.net.au
APM Employment Services,https://apm.net.au
Atwork Australia Pty Ltd,https://www.atwork.com/
Atwork Australia Pty Ltd,https://www.atwork.com/
Atwork Australia Pty Ltd,https://www.atwork.com/
Atwork Australia Pty Ltd,https://www.atwork.com/
Atwork Australia Pty Ltd,https://www.atwork.com/
Atwork Australia Pty Ltd,https://www.atwork.com/
Atwork Australia Pty Ltd,https://www.atwork.com/
Atwork Australia Pty Ltd,https://www.atwork.com/
Atwork Australia Pty Ltd,https://www.atwork.com/
Atwork Australia Pty Ltd,https://www.atwork.com/
Campbell Page,https://campbellpage.com.au
Campbell Page,https://campbellpage.com.au
Campbell Page,https://campbellpage.com.au
Campbell Page,https://campbellpage.com.au
Campbell Page,https://campbellpage.com.au
CVGT Australia Ltd,https://www.cvgt.com.au/
CVGT Australia Ltd,https://www.cvgt.com.au/
CVGT Australia Ltd,https://www.cvgt.com.au/
CVGT Australia Ltd,https://www.cvgt.com.au/
MatchWorks,https://www.matchworks.com.au/
MatchWorks,https://www.matchworks.com.au/
MatchWorks,https://www.matchworks.com.au/
MatchWorks,https://www.matchworks.com.au/
MAX Employment,https://www.maxsolutions.com.au/
MAX Employment,https://www.maxsolutions.com.au/
MAX Employment,https://www.maxsolutions.com.au/
MAX Employment,https://www.maxsolutions.com.au/
OCTEC,https://octec.org.au/
OCTEC,https://octec.org.au/
OCTEC,https://octec.org.au/
OCTEC,https://octec.org.au/
OCTEC,https://octec.org.au/
OCTEC,https://octec.org.au/
WISE Employment Ltd,https://wiseemployment.com.au/
WISE Employment Ltd,https://wiseemployment.com.au/
WISE Employment Ltd,https://wiseemployment.com.au/
APM Employment Services,https://apm.net.au
APM Employment Services,https://apm.net.au
APM Employment Services,https://apm.net.au
APM Employment Services,https://apm.net.au
APM Employment Services,https://apm.net.au
APM Employment Services,https://apm.net.au
APM Employment Services,https://apm.net.au
Atwork Australia Pty Ltd,https://www.atwork.com/
Atwork Australia Pty Ltd,https://www.atwork.com/
Campbell Page,https://campbellpage.com.au
Campbell Page,https://campbellpage.com.au
Campbell Page,https://campbellpage.com.au
Campbell Page,https://campbellpage.com.au
Campbell Page,https://campbellpage.com.au
CVGT Australia Ltd,https://www.cvgt.com.au/
CVGT Australia Ltd,https://www.cvgt.com.au/
CVGT Australia Ltd,https://www.cvgt.com.au/
ECHO Australia Inc,https://www.echoaustralia.com
ECHO Australia Inc,https://www.echoaustralia.com
ECHO Australia Inc,https://www.echoaustralia.com
MatchWorks,https://www.matchworks.com.au/
MatchWorks,https://www.matchworks.com.au/
MatchWorks,https://www.matchworks.com.au/
MatchWorks,https://www.matchworks.com.au/
OCTEC,https://octec.org.au/
Sarina Russo Job Access,https://www.sarinarusso.com/
Sarina Russo Job Access,https://www.sarinarusso.com/
Sarina Russo Job Access,https://www.sarinarusso.com/
Sarina Russo Job Access,https://www.sarinarusso.com/
Sarina Russo Job Access,https://www.sarinarusso.com/
Sarina Russo Job Access,https://www.sarinarusso.com/
Sarina Russo Job Access,https://www.sarinarusso.com/
Sarina Russo Job Access,https://www.sarinarusso.com/
Sarina Russo Job Access,https://www.sarinarusso.com/
Sarina Russo Job Access,https://www.sarinarusso.com/
The Salvation Army Employment Plus,https://www.employmentplus.com.au/
The Salvation Army Employment Plus,https://www.employmentplus.com.au/
The Salvation Army Employment Plus,https://www.employmentplus.com.au/
The Salvation Army Employment Plus,https://www.employmentplus.com.au/
WISE Employment Ltd,https://wiseemployment.com.au/
WISE Employment Ltd,https://wiseemployment.com.au/
WISE Employment Ltd,https://wiseemployment.com.au/
APM Employment Services,https://apm.net.au
APM Employment Services,https://apm.net.au
APM Employment Services,https://apm.net.au
Atwork Australia Pty Ltd,https://www.atwork.com/
Atwork Australia Pty Ltd,https://www.atwork.com/
Atwork Australia Pty Ltd,https://www.atwork.com/
Campbell Page,https://campbellpage.com.au
Campbell Page,https://campbellpage.com.au
Campbell Page,https://campbellpage.com.au
DVJS Employment Solutions,https://www.dvjs.com.au
DVJS Employment Solutions,https://www.dvjs.com.au
DVJS Employment Solutions,https://www.dvjs.com.au
ECHO Australia Inc,https://www.echoaustralia.com
ECHO Australia Inc,https://www.echoaustralia.com
Jobfind,https://jobfind.com.au/
Jobfind,https://jobfind.com.au/
Jobfind,https://jobfind.com.au/
MatchWorks,https://www.matchworks.com.au/
MatchWorks,https://www.matchworks.com.au/
MatchWorks,https://www.matchworks.com.au/
MAX Employment,https://www.maxsolutions.com.au/
MAX Employment,https://www.maxsolutions.com.au/
MAX Employment,https://www.maxsolutions.com.au/
MAX Employment,https://www.maxsolutions.com.au/
OCTEC,https://octec.org.au/
OCTEC,https://octec.org.au/
OCTEC,https://octec.org.au/
WISE Employment Ltd,https://wiseemployment.com.au/
WISE Employment Ltd,https://wiseemployment.com.au/
WISE Employment Ltd,https://wiseemployment.com.au/
AimBig Employment,https://www.aimbigemployment.com.au
AimBig Employment,https://www.aimbigemployment.com.au
APM Employment Services,https://apm.net.au
APM Employment Services,https://apm.net.au
APM Employment Services,https://apm.net.au
APM Employment Services,https://apm.net.au
Atwork Australia Pty Ltd,https://www.atwork.com/
Atwork Australia Pty Ltd,https://www.atwork.com/
Campbell Page,https://campbellpage.com.au
Campbell Page,https://campbellpage.com.au
Campbell Page,https://campbellpage.com.au
CVGT Australia Ltd,https://www.cvgt.com.au/
MatchWorks,https://www.matchworks.com.au/
MatchWorks,https://www.matchworks.com.au/
MatchWorks,https://www.matchworks.com.au/
MatchWorks,https://www.matchworks.com.au/
MAX Employment,https://www.maxsolutions.com.au/
MAX Employment,https://www.maxsolutions.com.au/
MAX Employment,https://www.maxsolutions.com.au/
OCTEC,https://octec.org.au/
Status Employment Services,https://www.status.net.au/
WISE Employment Ltd,https://wiseemployment.com.au/
WISE Employment Ltd,https://wiseemployment.com.au/
AimBig Employment,https://www.aimbigemployment.com.au
AimBig Employment,https://www.aimbigemployment.com.au
AimBig Employment,https://www.aimbigemployment.com.au
AimBig Employment,https://www.aimbigemployment.com.au
APM Employment Services,https://apm.net.au
APM Employment Services,https://apm.net.au
APM Employment Services,https://apm.net.au
APM Employment Services,https://apm.net.au
APM Employment Services,https://apm.net.au
Atwork Australia Pty Ltd,https://www.atwork.com/
Atwork Australia Pty Ltd,https://www.atwork.com/
Atwork Australia Pty Ltd,https://www.atwork.com/
Atwork Australia Pty Ltd,https://www.atwork.com/
Atwork Australia Pty Ltd,https://www.atwork.com/
Atwork Australia Pty Ltd,https://www.atwork.com/
Campbell Page,https://campbellpage.com.au
Campbell Page,https://campbellpage.com.au
Campbell Page,https://campbellpage.com.au
Campbell Page,https://campbellpage.com.au
Campbell Page,https://campbellpage.com.au
CVGT Australia Ltd,https://www.cvgt.com.au/
CVGT Australia Ltd,https://www.cvgt.com.au/
CVGT Australia Ltd,https://www.cvgt.com.au/
Expression Employment,https://employment.expression.com.au/
Joblife Employment,https://joblifeemployment.com.au/
MatchWorks,https://www.matchworks.com.au/
MatchWorks,https://www.matchworks.com.au/
MatchWorks,https://www.matchworks.com.au/
MatchWorks,https://www.matchworks.com.au/
MatchWorks,https://www.matchworks.com.au/
MatchWorks,https://www.matchworks.com.au/
MatchWorks,https://www.matchworks.com.au/
MatchWorks,https://www.matchworks.com.au/
MatchWorks,https://www.matchworks.com.au/
MAX Employment,https://www.maxsolutions.com.au/
OCTEC,https://octec.org.au/
OCTEC,https://octec.org.au/
Status Employment Services,https://www.status.net.au/
WISE Employment Ltd,https://wiseemployment.com.au/
WISE Employment Ltd,https://wiseemployment.com.au/
WISE Employment Ltd,https://wiseemployment.com.au/
WISE Employment Ltd,https://wiseemployment.com.au/
APM Employment Services,https://apm.net.au
APM Employment Services,https://apm.net.au
APM Employment Services,https://apm.net.au
APM Employment Services,https://apm.net.au
APM Employment Services,https://apm.net.au
APM Employment Services,https://apm.net.au
APM Employment Services,https://apm.net.au
APM Employment Services,https://apm.net.au
APM Employment Services,https://apm.net.au
APM Employment Services,https://apm.net.au
APM Employment Services,https://apm.net.au
Atwork Australia Pty Ltd,https://www.atwork.com/
Atwork Australia Pty Ltd,https://www.atwork.com/
Atwork Australia Pty Ltd,https://www.atwork.com/
Atwork Australia Pty Ltd,https://www.atwork.com/
Campbell Page,https://campbellpage.com.au
Campbell Page,https://campbellpage.com.au
Campbell Page,https://campbellpage.com.au
Campbell Page,https://campbellpage.com.au
CVGT Australia Ltd,https://www.cvgt.com.au/
CVGT Australia Ltd,https://www.cvgt.com.au/
CVGT Australia Ltd,https://www.cvgt.com.au/
MatchWorks,https://www.matchworks.com.au/
MatchWorks,https://www.matchworks.com.au/
MatchWorks,https://www.matchworks.com.au/
MatchWorks,https://www.matchworks.com.au/
MatchWorks,https://www.matchworks.com.au/
MatchWorks,https://www.matchworks.com.au/
MAX Employment,https://www.maxsolutions.com.au/
MAX Employment,https://www.maxsolutions.com.au/
MAX Employment,https://www.maxsolutions.com.au/
MAX Employment,https://www.maxsolutions.com.au/
MAX Employment,https://www.maxsolutions.com.au/
MAX Employment,https://www.maxsolutions.com.au/
OCTEC,https://octec.org.au/
OCTEC,https://octec.org.au/
OCTEC,https://octec.org.au/
OCTEC,https://octec.org.au/
OCTEC,https://octec.org.au/
OCTEC,https://octec.org.au/
OCTEC,https://octec.org.au/
Status Employment Services,https://www.status.net.au/
APM Employment Services,https://apm.net.au
APM Employment Services,https://apm.net.au
APM Employment Services,https://apm.net.au
Atwork Australia Pty Ltd,https://www.atwork.com/
Atwork Australia Pty Ltd,https://www.atwork.com/
Atwork Australia Pty Ltd,https://www.atwork.com/
Atwork Australia Pty Ltd,https://www.atwork.com/
Atwork Australia Pty Ltd,https://www.atwork.com/
Atwork Australia Pty Ltd,https://www.atwork.com/
Jobfind,https://jobfind.com.au/
Jobfind,https://jobfind.com.au/
MatchWorks,https://www.matchworks.com.au/
MatchWorks,https://www.matchworks.com.au/
MatchWorks,https://www.matchworks.com.au/
MAX Employment,https://www.maxsolutions.com.au/
MAX Employment,https://www.maxsolutions.com.au/
MAX Employment,https://www.maxsolutions.com.au/
MAX Employment,https://www.maxsolutions.com.au/
Access Australia Group,https://aag.org.au/
AimBig Employment,https://www.aimbigemployment.com.au
APM Employment Services,https://apm.net.au
APM Employment Services,https://apm.net.au
APM Employment Services,https://apm.net.au
APM Employment Services,https://apm.net.au
APM Employment Services,https://apm.net.au
Atwork Australia Pty Ltd,https://www.atwork.com/
Axis Employment,https://www.caei.com.au
Axis Employment,https://www.caei.com.au
CVGT Australia Ltd,https://www.cvgt.com.au/
CVGT Australia Ltd,https://www.cvgt.com.au/
PeoplePlus,https://www.peopleplusaustralia.com.au/
PeoplePlus,https://www.peopleplusaustralia.com.au/
PeoplePlus,https://www.peopleplusaustralia.com.au/
The Personnel Group Ltd,https://personnelgroup.com.au/
WDEA Works,https://www.wdeaworks.org.au/
WDEA Works,https://www.wdeaworks.org.au/
WDEA Works,https://www.wdeaworks.org.au/
AimBig Employment,https://www.aimbigemployment.com.au
AimBig Employment,https://www.aimbigemployment.com.au
APM Employment Services,https://apm.net.au
APM Employment Services,https://apm.net.au
APM Employment Services,https://apm.net.au
APM Employment Services,https://apm.net.au
APM Employment Services,https://apm.net.au
APM Employment Services,https://apm.net.au
APM Employment Services,https://apm.net.au
APM Employment Services,https://apm.net.au
Atwork Australia Pty Ltd,https://www.atwork.com/
Axis Employment,https://www.caei.com.au
CVGT Australia Ltd,https://www.cvgt.com.au/
CVGT Australia Ltd,https://www.cvgt.com.au/
MatchWorks,https://www.matchworks.com.au/
PeoplePlus,https://www.peopleplusaustralia.com.au/
WDEA Works,https://www.wdeaworks.org.au/
WDEA Works,https://www.wdeaworks.org.au/
WDEA Works,https://www.wdeaworks.org.au/
AimBig Employment,https://www.aimbigemployment.com.au
APM Employment Services,https://apm.net.au
APM Employment Services,https://apm.net.au
APM Employment Services,https://apm.net.au
APM Employment Services,https://apm.net.au
APM Employment Services,https://apm.net.au
APM Employment Services,https://apm.net.au
Atwork Australia Pty Ltd,https://www.atwork.com/
Atwork Australia Pty Ltd,https://www.atwork.com/
Campbell Page,https://campbellpage.com.au
Campbell Page,https://campbellpage.com.au
Campbell Page,https://campbellpage.com.au
Campbell Page,https://campbellpage.com.au
MatchWorks,https://www.matchworks.com.au/
MatchWorks,https://www.matchworks.com.au/
MatchWorks,https://www.matchworks.com.au/
MatchWorks,https://www.matchworks.com.au/
MatchWorks,https://www.matchworks.com.au/
MatchWorks,https://www.matchworks.com.au/
MatchWorks,https://www.matchworks.com.au/
MAX Employment,https://www.maxsolutions.com.au/
OCTEC,https://octec.org.au/
OCTEC,https://octec.org.au/
WDEA Works,https://www.wdeaworks.org.au/
WDEA Works,https://www.wdeaworks.org.au/
WISE Employment Ltd,https://wiseemployment.com.au/
WISE Employment Ltd,https://wiseemployment.com.au/
WISE Employment Ltd,https://wiseemployment.com.au/
Sureway Employment and Training Pty Ltd,https://www.sureway.com.au/
WDEA Works,https://www.wdeaworks.org.au/
WDEA Works,https://www.wdeaworks.org.au/
APM Employment Services,https://apm.net.au
APM Employment Services,https://apm.net.au
Axis Employment,https://www.caei.com.au
OCTEC,https://octec.org.au/
OCTEC,https://octec.org.au/
WDEA Works,https://www.wdeaworks.org.au/
WDEA Works,https://www.wdeaworks.org.au/
WDEA Works,https://www.wdeaworks.org.au/
Axis Employment,https://www.caei.com.au
Axis Employment,https://www.caei.com.au
WDEA Works,https://www.wdeaworks.org.au/
MAX Employment,https://www.maxsolutions.com.au/
OCTEC,https://octec.org.au/
WDEA Works,https://www.wdeaworks.org.au/
Axis Employment,https://www.caei.com.au
MatchWorks,https://www.matchworks.com.au/
MatchWorks,https://www.matchworks.com.au/
OCTEC,https://octec.org.au/
WDEA Works,https://www.wdeaworks.org.au/
WDEA Works,https://www.wdeaworks.org.au/
APM Employment Services,https://apm.net.au
APM Employment Services,https://apm.net.au
APM Employment Services,https://apm.net.au
APM Employment Services,https://apm.net.au
APM Employment Services,https://apm.net.au
APM Employment Services,https://apm.net.au
APM Employment Services,https://apm.net.au
APM Employment Services,https://apm.net.au
APM Employment Services,https://apm.net.au
APM Employment Services,https://apm.net.au
APM Employment Services,https://apm.net.au
APM Employment Services,https://apm.net.au
APM Employment Services,https://apm.net.au
APM Employment Services,https://apm.net.au
APM Employment Services,https://apm.net.au
APM Employment Services,https://apm.net.au
CoAct,https://coact.org.au/
CoAct,https://coact.org.au/
CoAct,https://coact.org.au/
CoAct,https://coact.org.au/
CoAct,https://coact.org.au/
Sureway Employment and Training Pty Ltd,https://www.sureway.com.au/
Sureway Employment and Training Pty Ltd,https://www.sureway.com.au/
Sureway Employment and Training Pty Ltd,https://www.sureway.com.au/
Sureway Employment and Training Pty Ltd,https://www.sureway.com.au/
The Maxima Group Inc,https://maxima.com.au/
The Maxima Group Inc,https://maxima.com.au/
APM Employment Services,https://apm.net.au
APM Employment Services,https://apm.net.au
Atwork Australia Pty Ltd,https://www.atwork.com/
CoAct,https://coact.org.au/
CoAct,https://coact.org.au/
CoAct,https://coact.org.au/
CoAct,https://coact.org.au/
CVGT Australia Ltd,https://www.cvgt.com.au/
CVGT Australia Ltd,https://www.cvgt.com.au/
CVGT Australia Ltd,https://www.cvgt.com.au/
OCTEC,https://octec.org.au/
Sureway Employment and Training Pty Ltd,https://www.sureway.com.au/
Sureway Employment and Training Pty Ltd,https://www.sureway.com.au/
Sureway Employment and Training Pty Ltd,https://www.sureway.com.au/
Sureway Employment and Training Pty Ltd,https://www.sureway.com.au/
The Personnel Group Ltd,https://personnelgroup.com.au/
The Personnel Group Ltd,https://personnelgroup.com.au/
The Personnel Group Ltd,https://personnelgroup.com.au/
The Personnel Group Ltd,https://personnelgroup.com.au/
WDEA Works,https://www.wdeaworks.org.au/
APM Employment Services,https://apm.net.au
APM Employment Services,https://apm.net.au
APM Employment Services,https://apm.net.au
APM Employment Services,https://apm.net.au
APM Employment Services,https://apm.net.au
APM Employment Services,https://apm.net.au
APM Employment Services,https://apm.net.au
CoAct,https://coact.org.au/
CVGT Australia Ltd,https://www.cvgt.com.au/
OCTEC,https://octec.org.au/
Sureway Employment and Training Pty Ltd,https://www.sureway.com.au/
Sureway Employment and Training Pty Ltd,https://www.sureway.com.au/
The Personnel Group Ltd,https://personnelgroup.com.au/
The Personnel Group Ltd,https://personnelgroup.com.au/
APM Employment Services,https://apm.net.au
APM Employment Services,https://apm.net.au
APM Employment Services,https://apm.net.au
APM Employment Services,https://apm.net.au
APM Employment Services,https://apm.net.au
APM Employment Services,https://apm.net.au
APM Employment Services,https://apm.net.au
APM Employment Services,https://apm.net.au
APM Employment Services,https://apm.net.au
APM Employment Services,https://apm.net.au
APM Employment Services,https://apm.net.au
Atwork Australia Pty Ltd,https://www.atwork.com/
Atwork Australia Pty Ltd,https://www.atwork.com/
Atwork Australia Pty Ltd,https://www.atwork.com/
Atwork Australia Pty Ltd,https://www.atwork.com/
Atwork Australia Pty Ltd,https://www.atwork.com/
Atwork Australia Pty Ltd,https://www.atwork.com/
MAX Employment,https://www.maxsolutions.com.au/
MAX Employment,https://www.maxsolutions.com.au/
MAX Employment,https://www.maxsolutions.com.au/
MAX Employment,https://www.maxsolutions.com.au/
MAX Employment,https://www.maxsolutions.com.au/
MAX Employment,https://www.maxsolutions.com.au/
MAX Employment,https://www.maxsolutions.com.au/
MAX Employment,https://www.maxsolutions.com.au/
Sureway Employment and Training Pty Ltd,https://www.sureway.com.au/
Sureway Employment and Training Pty Ltd,https://www.sureway.com.au/
Sureway Employment and Training Pty Ltd,https://www.sureway.com.au/
Sureway Employment and Training Pty Ltd,https://www.sureway.com.au/
Sureway Employment and Training Pty Ltd,https://www.sureway.com.au/
Sureway Employment and Training Pty Ltd,https://www.sureway.com.au/
The Maxima Group Inc,https://maxima.com.au/
The Maxima Group Inc,https://maxima.com.au/
The Maxima Group Inc,https://maxima.com.au/
WISE Employment Ltd,https://wiseemployment.com.au/
WISE Employment Ltd,https://wiseemployment.com.au/
WISE Employment Ltd,https://wiseemployment.com.au/
APM Employment Services,https://apm.net.au
APM Employment Services,https://apm.net.au
APM Employment Services,https://apm.net.au
APM Employment Services,https://apm.net.au
APM Employment Services,https://apm.net.au
APM Employment Services,https://apm.net.au
APM Employment Services,https://apm.net.au
CoAct,https://coact.org.au/
CoAct,https://coact.org.au/
CVGT Australia Ltd,https://www.cvgt.com.au/
CVGT Australia Ltd,https://www.cvgt.com.au/
CVGT Australia Ltd,https://www.cvgt.com.au/
CVGT Australia Ltd,https://www.cvgt.com.au/
Sureway Employment and Training Pty Ltd,https://www.sureway.com.au/
Sureway Employment and Training Pty Ltd,https://www.sureway.com.au/
Sureway Employment and Training Pty Ltd,https://www.sureway.com.au/
Sureway Employment and Training Pty Ltd,https://www.sureway.com.au/
The Personnel Group Ltd,https://personnelgroup.com.au/
The Personnel Group Ltd,https://personnelgroup.com.au/
The Personnel Group Ltd,https://personnelgroup.com.au/
APM Employment Services,https://apm.net.au
APM Employment Services,https://apm.net.au
APM Employment Services,https://apm.net.au
APM Employment Services,https://apm.net.au
APM Employment Services,https://apm.net.au
APM Employment Services,https://apm.net.au
APM Employment Services,https://apm.net.au
Atwork Australia Pty Ltd,https://www.atwork.com/
Atwork Australia Pty Ltd,https://www.atwork.com/
Atwork Australia Pty Ltd,https://www.atwork.com/
Atwork Australia Pty Ltd,https://www.atwork.com/
Atwork Australia Pty Ltd,https://www.atwork.com/
Atwork Australia Pty Ltd,https://www.atwork.com/
Atwork Australia Pty Ltd,https://www.atwork.com/
Campbell Page,https://campbellpage.com.au
Campbell Page,https://campbellpage.com.au
Campbell Page,https://campbellpage.com.au
CVGT Australia Ltd,https://www.cvgt.com.au/
CVGT Australia Ltd,https://www.cvgt.com.au/
CVGT Australia Ltd,https://www.cvgt.com.au/
DVJS Employment Solutions,https://www.dvjs.com.au
DVJS Employment Solutions,https://www.dvjs.com.au
DVJS Employment Solutions,https://www.dvjs.com.au
DVJS Employment Solutions,https://www.dvjs.com.au
ECHO Australia Inc,https://www.echoaustralia.com
ECHO Australia Inc,https://www.echoaustralia.com
ECHO Australia Inc,https://www.echoaustralia.com
Jobfind,https://jobfind.com.au/
Jobfind,https://jobfind.com.au/
Jobfind,https://jobfind.com.au/
Jobfind,https://jobfind.com.au/
Jobfind,https://jobfind.com.au/
Jobfind,https://jobfind.com.au/
Joblife Employment,https://joblifeemployment.com.au/
Joblife Employment,https://joblifeemployment.com.au/
MatchWorks,https://www.matchworks.com.au/
MatchWorks,https://www.matchworks.com.au/
MAX Employment,https://www.maxsolutions.com.au/
MAX Employment,https://www.maxsolutions.com.au/
MAX Employment,https://www.maxsolutions.com.au/
MAX Employment,https://www.maxsolutions.com.au/
MAX Employment,https://www.maxsolutions.com.au/
MAX Employment,https://www.maxsolutions.com.au/
OCTEC,https://octec.org.au/
OCTEC,https://octec.org.au/
OCTEC,https://octec.org.au/
OCTEC,https://octec.org.au/
OCTEC,https://octec.org.au/
OCTEC,https://octec.org.au/
WISE Employment Ltd,https://wiseemployment.com.au/
WISE Employment Ltd,https://wiseemployment.com.au/
AimBig Employment,https://www.aimbigemployment.com.au
AimBig Employment,https://www.aimbigemployment.com.au
APM Employment Services,https://apm.net.au
APM Employment Services,https://apm.net.au
APM Employment Services,https://apm.net.au
APM Employment Services,https://apm.net.au
APM Employment Services,https://apm.net.au
Atwork Australia Pty Ltd,https://www.atwork.com/
Atwork Australia Pty Ltd,https://www.atwork.com/
Atwork Australia Pty Ltd,https://www.atwork.com/
Atwork Australia Pty Ltd,https://www.atwork.com/
Atwork Australia Pty Ltd,https://www.atwork.com/
Atwork Australia Pty Ltd,https://www.atwork.com/
Atwork Australia Pty Ltd,https://www.atwork.com/
Atwork Australia Pty Ltd,https://www.atwork.com/
Atwork Australia Pty Ltd,https://www.atwork.com/
Atwork Australia Pty Ltd,https://www.atwork.com/
Campbell Page,https://campbellpage.com.au
Campbell Page,https://campbellpage.com.au
Campbell Page,https://campbellpage.com.au
Campbell Page,https://campbellpage.com.au
Campbell Page,https://campbellpage.com.au
CoAct,https://coact.org.au/
CoAct,https://coact.org.au/
CoAct,https://coact.org.au/
CoAct,https://coact.org.au/
CoAct,https://coact.org.au/
CoAct,https://coact.org.au/
CVGT Australia Ltd,https://www.cvgt.com.au/
CVGT Australia Ltd,https://www.cvgt.com.au/
CVGT Australia Ltd,https://www.cvgt.com.au/
CVGT Australia Ltd,https://www.cvgt.com.au/
MatchWorks,https://www.matchworks.com.au/
MatchWorks,https://www.matchworks.com.au/
MatchWorks,https://www.matchworks.com.au/
MatchWorks,https://www.matchworks.com.au/
MAX Employment,https://www.maxsolutions.com.au/
MAX Employment,https://www.maxsolutions.com.au/
MAX Employment,https://www.maxsolutions.com.au/
MAX Employment,https://www.maxsolutions.com.au/
OCTEC,https://octec.org.au/
OCTEC,https://octec.org.au/
OCTEC,https://octec.org.au/
OCTEC,https://octec.org.au/
OCTEC,https://octec.org.au/
OCTEC,https://octec.org.au/
Uniting (Victoria and Tasmania) Limited,https://www.unitingvictas.org.au/
Uniting (Victoria and Tasmania) Limited,https://www.unitingvictas.org.au/
Uniting (Victoria and Tasmania) Limited,https://www.unitingvictas.org.au/
Uniting (Victoria and Tasmania) Limited,https://www.unitingvictas.org.au/
WISE Employment Ltd,https://wiseemployment.com.au/
WISE Employment Ltd,https://wiseemployment.com.au/
WISE Employment Ltd,https://wiseemployment.com.au/
APM Employment Services,https://apm.net.au
APM Employment Services,https://apm.net.au
APM Employment Services,https://apm.net.au
APM Employment Services,https://apm.net.au
APM Employment Services,https://apm.net.au
APM Employment Services,https://apm.net.au
APM Employment Services,https://apm.net.au
Atwork Australia Pty Ltd,https://www.atwork.com/
Atwork Australia Pty Ltd,https://www.atwork.com/
Campbell Page,https://campbellpage.com.au
Campbell Page,https://campbellpage.com.au
Campbell Page,https://campbellpage.com.au
Campbell Page,https://campbellpage.com.au
Campbell Page,https://campbellpage.com.au
CVGT Australia Ltd,https://www.cvgt.com.au/
CVGT Australia Ltd,https://www.cvgt.com.au/
CVGT Australia Ltd,https://www.cvgt.com.au/
ECHO Australia Inc,https://www.echoaustralia.com
ECHO Australia Inc,https://www.echoaustralia.com
ECHO Australia Inc,https://www.echoaustralia.com
MatchWorks,https://www.matchworks.com.au/
MatchWorks,https://www.matchworks.com.au/
MatchWorks,https://www.matchworks.com.au/
MatchWorks,https://www.matchworks.com.au/
OCTEC,https://octec.org.au/
The Salvation Army Employment Plus,https://www.employmentplus.com.au/
The Salvation Army Employment Plus,https://www.employmentplus.com.au/
The Salvation Army Employment Plus,https://www.employmentplus.com.au/
The Salvation Army Employment Plus,https://www.employmentplus.com.au/
WISE Employment Ltd,https://wiseemployment.com.au/
WISE Employment Ltd,https://wiseemployment.com.au/
WISE Employment Ltd,https://wiseemployment.com.au/
APM Employment Services,https://apm.net.au
APM Employment Services,https://apm.net.au
APM Employment Services,https://apm.net.au
Atwork Australia Pty Ltd,https://www.atwork.com/
Atwork Australia Pty Ltd,https://www.atwork.com/
Atwork Australia Pty Ltd,https://www.atwork.com/
Campbell Page,https://campbellpage.com.au
Campbell Page,https://campbellpage.com.au
Campbell Page,https://campbellpage.com.au
DVJS Employment Solutions,https://www.dvjs.com.au
DVJS Employment Solutions,https://www.dvjs.com.au
DVJS Employment Solutions,https://www.dvjs.com.au
ECHO Australia Inc,https://www.echoaustralia.com
ECHO Australia Inc,https://www.echoaustralia.com
Jobfind,https://jobfind.com.au/
Jobfind,https://jobfind.com.au/
Jobfind,https://jobfind.com.au/
MatchWorks,https://www.matchworks.com.au/
MatchWorks,https://www.matchworks.com.au/
MatchWorks,https://www.matchworks.com.au/
MAX Employment,https://www.maxsolutions.com.au/
MAX Employment,https://www.maxsolutions.com.au/
OCTEC,https://octec.org.au/
OCTEC,https://octec.org.au/
OCTEC,https://octec.org.au/
WISE Employment Ltd,https://wiseemployment.com.au/
WISE Employment Ltd,https://wiseemployment.com.au/
WISE Employment Ltd,https://wiseemployment.com.au/
APM Employment Services,https://apm.net.au
APM Employment Services,https://apm.net.au
APM Employment Services,https://apm.net.au
APM Employment Services,https://apm.net.au
Atwork Australia Pty Ltd,https://www.atwork.com/
Atwork Australia Pty Ltd,https://www.atwork.com/
Campbell Page,https://campbellpage.com.au
Campbell Page,https://campbellpage.com.au
Campbell Page,https://campbellpage.com.au
CVGT Australia Ltd,https://www.cvgt.com.au/
MatchWorks,https://www.matchworks.com.au/
MatchWorks,https://www.matchworks.com.au/
MatchWorks,https://www.matchworks.com.au/
MatchWorks,https://www.matchworks.com.au/
MAX Employment,https://www.maxsolutions.com.au/
MAX Employment,https://www.maxsolutions.com.au/
MAX Employment,https://www.maxsolutions.com.au/
OCTEC,https://octec.org.au/
Status Employment Services,https://www.status.net.au/
WISE Employment Ltd,https://wiseemployment.com.au/
WISE Employment Ltd,https://wiseemployment.com.au/
APM Employment Services,https://apm.net.au
APM Employment Services,https://apm.net.au
APM Employment Services,https://apm.net.au
APM Employment Services,https://apm.net.au
APM Employment Services,https://apm.net.au
Atwork Australia Pty Ltd,https://www.atwork.com/
Atwork Australia Pty Ltd,https://www.atwork.com/
Atwork Australia Pty Ltd,https://www.atwork.com/
Atwork Australia Pty Ltd,https://www.atwork.com/
Atwork Australia Pty Ltd,https://www.atwork.com/
Atwork Australia Pty Ltd,https://www.atwork.com/
Campbell Page,https://campbellpage.com.au
Campbell Page,https://campbellpage.com.au
Campbell Page,https://campbellpage.com.au
Campbell Page,https://campbellpage.com.au
Campbell Page,https://campbellpage.com.au
CoAct,https://coact.org.au/
CoAct,https://coact.org.au/
CoAct,https://coact.org.au/
CoAct,https://coact.org.au/
CVGT Australia Ltd,https://www.cvgt.com.au/
CVGT Australia Ltd,https://www.cvgt.com.au/
CVGT Australia Ltd,https://www.cvgt.com.au/
Expression Employment,https://employment.expression.com.au/
Expression Employment,https://employment.expression.com.au/
Joblife Employment,https://joblifeemployment.com.au/
MatchWorks,https://www.matchworks.com.au/
MatchWorks,https://www.matchworks.com.au/
MatchWorks,https://www.matchworks.com.au/
MatchWorks,https://www.matchworks.com.au/
MatchWorks,https://www.matchworks.com.au/
MAX Employment,https://www.maxsolutions.com.au/
OCTEC,https://octec.org.au/
OCTEC,https://octec.org.au/
Status Employment Services,https://www.status.net.au/
WISE Employment Ltd,https://wiseemployment.com.au/
WISE Employment Ltd,https://wiseemployment.com.au/
WISE Employment Ltd,https://wiseemployment.com.au/
WISE Employment Ltd,https://wiseemployment.com.au/
APM Employment Services,https://apm.net.au
APM Employment Services,https://apm.net.au
APM Employment Services,https://apm.net.au
APM Employment Services,https://apm.net.au
APM Employment Services,https://apm.net.au
APM Employment Services,https://apm.net.au
APM Employment Services,https://apm.net.au
Atwork Australia Pty Ltd,https://www.atwork.com/
Atwork Australia Pty Ltd,https://www.atwork.com/
Atwork Australia Pty Ltd,https://www.atwork.com/
Atwork Australia Pty Ltd,https://www.atwork.com/
Campbell Page,https://campbellpage.com.au
Campbell Page,https://campbellpage.com.au
CVGT Australia Ltd,https://www.cvgt.com.au/
CVGT Australia Ltd,https://www.cvgt.com.au/
CVGT Australia Ltd,https://www.cvgt.com.au/
MatchWorks,https://www.matchworks.com.au/
MatchWorks,https://www.matchworks.com.au/
MatchWorks,https://www.matchworks.com.au/
MatchWorks,https://www.matchworks.com.au/
MatchWorks,https://www.matchworks.com.au/
MatchWorks,https://www.matchworks.com.au/
MAX Employment,https://www.maxsolutions.com.au/
MAX Employment,https://www.maxsolutions.com.au/
MAX Employment,https://www.maxsolutions.com.au/
MAX Employment,https://www.maxsolutions.com.au/
MAX Employment,https://www.maxsolutions.com.au/
MAX Employment,https://www.maxsolutions.com.au/
OCTEC,https://octec.org.au/
OCTEC,https://octec.org.au/
OCTEC,https://octec.org.au/
OCTEC,https://octec.org.au/
OCTEC,https://octec.org.au/
OCTEC,https://octec.org.au/
OCTEC,https://octec.org.au/
Status Employment Services,https://www.status.net.au/
Working Communities Network (Consortium),https://wcig.org.au/
Working Communities Network (Consortium),https://wcig.org.au/
APM Employment Services,https://apm.net.au
APM Employment Services,https://apm.net.au
APM Employment Services,https://apm.net.au
Atwork Australia Pty Ltd,https://www.atwork.com/
Atwork Australia Pty Ltd,https://www.atwork.com/
Atwork Australia Pty Ltd,https://www.atwork.com/
Atwork Australia Pty Ltd,https://www.atwork.com/
Atwork Australia Pty Ltd,https://www.atwork.com/
Atwork Australia Pty Ltd,https://www.atwork.com/
Jobfind,https://jobfind.com.au/
Jobfind,https://jobfind.com.au/
MatchWorks,https://www.matchworks.com.au/
MatchWorks,https://www.matchworks.com.au/
MatchWorks,https://www.matchworks.com.au/
MAX Employment,https://www.maxsolutions.com.au/
MAX Employment,https://www.maxsolutions.com.au/
Sign For Work,https://www.signforwork.org.au/
Sign For Work,https://www.signforwork.org.au/
Sign For Work,https://www.signforwork.org.au/
Sign For Work,https://www.signforwork.org.au/
Uniting (Victoria and Tasmania) Limited,https://www.unitingvictas.org.au/
Uniting (Victoria and Tasmania) Limited,https://www.unitingvictas.org.au/
Uniting (Victoria and Tasmania) Limited,https://www.unitingvictas.org.au/
Uniting (Victoria and Tasmania) Limited,https://www.unitingvictas.org.au/
Uniting (Victoria and Tasmania) Limited,https://www.unitingvictas.org.au/
Uniting (Victoria and Tasmania) Limited,https://www.unitingvictas.org.au/
Uniting (Victoria and Tasmania) Limited,https://www.unitingvictas.org.au/
Access Australia Group,https://aag.org.au/
AimBig Employment,https://www.aimbigemployment.com.au
APM Employment Services,https://apm.net.au
APM Employment Services,https://apm.net.au
APM Employment Services,https://apm.net.au
APM Employment Services,https://apm.net.au
APM Employment Services,https://apm.net.au
Atwork Australia Pty Ltd,https://www.atwork.com/
Axis Employment,https://www.caei.com.au
Axis Employment,https://www.caei.com.au
CVGT Australia Ltd,https://www.cvgt.com.au/
CVGT Australia Ltd,https://www.cvgt.com.au/
PeoplePlus,https://www.peopleplusaustralia.com.au/
PeoplePlus,https://www.peopleplusaustralia.com.au/
PeoplePlus,https://www.peopleplusaustralia.com.au/
The Personnel Group Ltd,https://personnelgroup.com.au/
WDEA Works,https://www.wdeaworks.org.au/
WDEA Works,https://www.wdeaworks.org.au/
WDEA Works,https://www.wdeaworks.org.au/
APM Employment Services,https://apm.net.au
APM Employment Services,https://apm.net.au
APM Employment Services,https://apm.net.au
APM Employment Services,https://apm.net.au
Atwork Australia Pty Ltd,https://www.atwork.com/
Axis Employment,https://www.caei.com.au
CVGT Australia Ltd,https://www.cvgt.com.au/
CVGT Australia Ltd,https://www.cvgt.com.au/
MatchWorks,https://www.matchworks.com.au/
PeoplePlus,https://www.peopleplusaustralia.com.au/
WDEA Works,https://www.wdeaworks.org.au/
WDEA Works,https://www.wdeaworks.org.au/
WDEA Works,https://www.wdeaworks.org.au/
AimBig Employment,https://www.aimbigemployment.com.au
APM Employment Services,https://apm.net.au
APM Employment Services,https://apm.net.au
APM Employment Services,https://apm.net.au
APM Employment Services,https://apm.net.au
Atwork Australia Pty Ltd,https://www.atwork.com/
Atwork Australia Pty Ltd,https://www.atwork.com/
Campbell Page,https://campbellpage.com.au
Campbell Page,https://campbellpage.com.au
Campbell Page,https://campbellpage.com.au
Campbell Page,https://campbellpage.com.au
MatchWorks,https://www.matchworks.com.au/
MatchWorks,https://www.matchworks.com.au/
MatchWorks,https://www.matchworks.com.au/
MatchWorks,https://www.matchworks.com.au/
MatchWorks,https://www.matchworks.com.au/
MatchWorks,https://www.matchworks.com.au/
MatchWorks,https://www.matchworks.com.au/
MAX Employment,https://www.maxsolutions.com.au/
OCTEC,https://octec.org.au/
OCTEC,https://octec.org.au/
WDEA Works,https://www.wdeaworks.org.au/
WDEA Works,https://www.wdeaworks.org.au/
WISE Employment Ltd,https://wiseemployment.com.au/
WISE Employment Ltd,https://wiseemployment.com.au/
WISE Employment Ltd,https://wiseemployment.com.au/
Sureway Employment and Training Pty Ltd,https://www.sureway.com.au/
WDEA Works,https://www.wdeaworks.org.au/
WDEA Works,https://www.wdeaworks.org.au/
APM Employment Services,https://apm.net.au
APM Employment Services,https://apm.net.au
Axis Employment,https://www.caei.com.au
OCTEC,https://octec.org.au/
OCTEC,https://octec.org.au/
WDEA Works,https://www.wdeaworks.org.au/
WDEA Works,https://www.wdeaworks.org.au/
WDEA Works,https://www.wdeaworks.org.au/
Axis Employment,https://www.caei.com.au
Axis Employment,https://www.caei.com.au
WDEA Works,https://www.wdeaworks.org.au/
MAX Employment,https://www.maxsolutions.com.au/
OCTEC,https://octec.org.au/
WDEA Works,https://www.wdeaworks.org.au/
Axis Employment,https://www.caei.com.au
MatchWorks,https://www.matchworks.com.au/
MatchWorks,https://www.matchworks.com.au/
OCTEC,https://octec.org.au/
WDEA Works,https://www.wdeaworks.org.au/
WDEA Works,https://www.wdeaworks.org.au/
APM Employment Services,https://apm.net.au
APM Employment Services,https://apm.net.au
APM Employment Services,https://apm.net.au
APM Employment Services,https://apm.net.au
APM Employment Services,https://apm.net.au
APM Employment Services,https://apm.net.au
APM Employment Services,https://apm.net.au
APM Employment Services,https://apm.net.au
CoAct,https://coact.org.au/
CoAct,https://coact.org.au/
CoAct,https://coact.org.au/
CoAct,https://coact.org.au/
CoAct,https://coact.org.au/
Sureway Employment and Training Pty Ltd,https://www.sureway.com.au/
Sureway Employment and Training Pty Ltd,https://www.sureway.com.au/
Sureway Employment and Training Pty Ltd,https://www.sureway.com.au/
Sureway Employment and Training Pty Ltd,https://www.sureway.com.au/
The Maxima Group Inc,https://maxima.com.au/
The Maxima Group Inc,https://maxima.com.au/
APM Employment Services,https://apm.net.au
APM Employment Services,https://apm.net.au
Atwork Australia Pty Ltd,https://www.atwork.com/
CoAct,https://coact.org.au/
CoAct,https://coact.org.au/
CoAct,https://coact.org.au/
CoAct,https://coact.org.au/
CVGT Australia Ltd,https://www.cvgt.com.au/
CVGT Australia Ltd,https://www.cvgt.com.au/
CVGT Australia Ltd,https://www.cvgt.com.au/
OCTEC,https://octec.org.au/
Sureway Employment and Training Pty Ltd,https://www.sureway.com.au/
Sureway Employment and Training Pty Ltd,https://www.sureway.com.au/
Sureway Employment and Training Pty Ltd,https://www.sureway.com.au/
Sureway Employment and Training Pty Ltd,https://www.sureway.com.au/
The Personnel Group Ltd,https://personnelgroup.com.au/
The Personnel Group Ltd,https://personnelgroup.com.au/
The Personnel Group Ltd,https://personnelgroup.com.au/
The Personnel Group Ltd,https://personnelgroup.com.au/
WDEA Works,https://www.wdeaworks.org.au/
APM Employment Services,https://apm.net.au
APM Employment Services,https://apm.net.au
APM Employment Services,https://apm.net.au
APM Employment Services,https://apm.net.au
APM Employment Services,https://apm.net.au
APM Employment Services,https://apm.net.au
APM Employment Services,https://apm.net.au
CoAct,https://coact.org.au/
CVGT Australia Ltd,https://www.cvgt.com.au/
OCTEC,https://octec.org.au/
Sureway Employment and Training Pty Ltd,https://www.sureway.com.au/
Sureway Employment and Training Pty Ltd,https://www.sureway.com.au/
The Personnel Group Ltd,https://personnelgroup.com.au/
The Personnel Group Ltd,https://personnelgroup.com.au/
APM Employment Services,https://apm.net.au
APM Employment Services,https://apm.net.au
APM Employment Services,https://apm.net.au
APM Employment Services,https://apm.net.au
APM Employment Services,https://apm.net.au
APM Employment Services,https://apm.net.au
APM Employment Services,https://apm.net.au
APM Employment Services,https://apm.net.au
APM Employment Services,https://apm.net.au
APM Employment Services,https://apm.net.au
APM Employment Services,https://apm.net.au
Atwork Australia Pty Ltd,https://www.atwork.com/
Atwork Australia Pty Ltd,https://www.atwork.com/
Atwork Australia Pty Ltd,https://www.atwork.com/
Atwork Australia Pty Ltd,https://www.atwork.com/
Atwork Australia Pty Ltd,https://www.atwork.com/
Atwork Australia Pty Ltd,https://www.atwork.com/
MAX Employment,https://www.maxsolutions.com.au/
MAX Employment,https://www.maxsolutions.com.au/
MAX Employment,https://www.maxsolutions.com.au/
MAX Employment,https://www.maxsolutions.com.au/
MAX Employment,https://www.maxsolutions.com.au/
MAX Employment,https://www.maxsolutions.com.au/
Sureway Employment and Training Pty Ltd,https://www.sureway.com.au/
Sureway Employment and Training Pty Ltd,https://www.sureway.com.au/
Sureway Employment and Training Pty Ltd,https://www.sureway.com.au/
Sureway Employment and Training Pty Ltd,https://www.sureway.com.au/
Sureway Employment and Training Pty Ltd,https://www.sureway.com.au/
Sureway Employment and Training Pty Ltd,https://www.sureway.com.au/
The Maxima Group Inc,https://maxima.com.au/
The Maxima Group Inc,https://maxima.com.au/
The Maxima Group Inc,https://maxima.com.au/
WISE Employment Ltd,https://wiseemployment.com.au/
WISE Employment Ltd,https://wiseemployment.com.au/
WISE Employment Ltd,https://wiseemployment.com.au/
APM Employment Services,https://apm.net.au
APM Employment Services,https://apm.net.au
APM Employment Services,https://apm.net.au
APM Employment Services,https://apm.net.au
APM Employment Services,https://apm.net.au
APM Employment Services,https://apm.net.au
APM Employment Services,https://apm.net.au
CoAct,https://coact.org.au/
CoAct,https://coact.org.au/
CVGT Australia Ltd,https://www.cvgt.com.au/
CVGT Australia Ltd,https://www.cvgt.com.au/
CVGT Australia Ltd,https://www.cvgt.com.au/
CVGT Australia Ltd,https://www.cvgt.com.au/
Sureway Employment and Training Pty Ltd,https://www.sureway.com.au/
Sureway Employment and Training Pty Ltd,https://www.sureway.com.au/
Sureway Employment and Training Pty Ltd,https://www.sureway.com.au/
Sureway Employment and Training Pty Ltd,https://www.sureway.com.au/
The Personnel Group Ltd,https://personnelgroup.com.au/
The Personnel Group Ltd,https://personnelgroup.com.au/
The Personnel Group Ltd,https://personnelgroup.com.au/
